{
	"variables": {
		"client_id": "{{env `ARM_CLIENT_ID`}}",
		"client_secret": "{{env `ARM_CLIENT_SECRET`}}",
		"subscription_id": "{{env `ARM_SUBSCRIPTION_ID`}}",
		"tenant_id": "{{env `ARM_TENANT_ID`}}"
	},
	"builders": [{
		"type": 			"azure-arm",
		"client_id": 		"{{user `client_id`}}",
		"client_secret": 	"{{user `client_secret`}}",
		"subscription_id":  "{{user `subscription_id`}}",
		"tenant_id": 		"{{user `tenant_id`}}",

		"managed_image_resource_group_name": "bachtn-demo",
		"managed_image_name": "myPackerImage-Ubuntu-18_04",

		"os_type": "Linux",
		"image_publisher": "Canonical",
		"image_offer": "UbuntuServer",
		"image_sku": "18.04-LTS",

		"azure_tags": {
			"dept": "Engineering",
			"task": "Image deployment"
		},

		"location": "Australia Southeast",
		"vm_size": "Standard_B1s"
	}],
	"provisioners": [{
		"inline": [
			"echo 'Hello, World!' > index.html",
			"nohup busybox httpd -f -p 80 &"
		],
		"inline_shebang": "/bin/sh -x",
		"type": "shell"
	}]
}
